name,patronymic,surname,birthday,login,password,responsibilities,state,passport_series,passport_num,issued_by,issue_date,country,region,location,phone_number1,phone_number2,phone_number3,branch_id
Gussie, Zhoresovich ,Coldbathe,12/12/1981,gcoldbathe0@cpanel.net,0cbqeP1l,Structural Analysis Engineer,on duty,2302,815218,Accounting,18/12/1994,France,Provence-Alpes-Côte d'Azur,Manosque,89074210879,89470173172,89935923063,28
Prentice, Zhoresovna,Kurten,15/06/1978,pkurten1@blogspot.com,b9E5u626K,General Manager,on duty,9176,795435,Legal,08/11/1954,Canada,Québec,Saint-Bruno,89551322543,89131191610,89045742633,9
Maisey, Zinovyevna ,Carrell,06/02/1962,mcarrell2@wired.com,lONfWm,Account Executive,on duty,2394,043719,Accounting,08/08/1961,Mexico,San Luis Potosi,Rancho Nuevo,89482591044,89529631380,89169713617,14
Dexter, Zhoresovna,Jearum,01/12/1968,djearum3@printfriendly.com,KyhU68WnA5,Help Desk Technician,on duty,3598,627673,Product Management,01/01/1998,United Kingdom,England,Newport,89498418871,89853944426,89694640112,12
Karalee, Zinovyevna ,Lannen,30/01/1991,klannen4@berkeley.edu,cvxrudI,Cost Accountant,on duty,7227,763084,Legal,01/07/1965,Germany,Niedersachsen,Osnabrück,89889193695,89617811377,89893834401,24
Tessi, Zhoresovich ,Budding,31/07/1952,tbudding5@biblegateway.com,vTMar6U,Engineer II,maternity leave,8850,104708,Support,06/11/1986,France,Île-de-France,Vincennes,89982403426,89101072477,89727049709,4
Elmer, Zhoresovna,Karmel,17/10/1951,ekarmel6@xing.com,lOAvEo,Senior Editor,sick leave,2473,765318,Research and Development,22/01/1982,France,Centre,Tours,89725559141,89853611831,89380598679,16
Michaella, Zhoresovich ,Silverston,29/06/1982,msilverston7@nps.gov,engR94WTiM,Research Associate,on duty,4098,046340,Services,12/10/1955,Mexico,Morelos,Morelos,89686873890,89322898375,89935808981,32
Devlen, Zhoresovna,Edmondson,19/03/1969,dedmondson8@hostgator.com,vUyYxlNr7rY,Office Assistant IV,on duty,7583,272733,Human Resources,18/04/1974,Sweden,Västerbotten,Umeå,89780413045,89443811425,89531158086,44
Tamar, Zhoresovna,Vaneschi,02/07/1968,tvaneschi9@usatoday.com,hWD0LsiS,Recruiter,on duty,9105,252570,Sales,12/03/1952,Portugal,Castelo Branco,Vila Velha de Ródão,89084152058,89986452869,89075338441,48
Derrek, Zhoresovna,Arnaudet,22/09/1965,darnaudeta@dyndns.org,nYLv38EgVIbb,Database Administrator IV,on duty,9456,329693,Training,15/03/1963,Sweden,Södermanland,Oxelösund,89120950761,89942470666,89258252537,11
Eugine, Zhoresovna,Gyer,16/03/1986,egyerb@goo.gl,COtr0o6lZ9,Cost Accountant,maternity leave,7886,843271,Research and Development,02/08/1995,Portugal,Aveiro,Boavista,89602143302,89731234170,89956372288,38
Shalom, Zakharovich ,Chretien,27/04/1968,schretienc@diigo.com,tPYS51NZh,Safety Technician I,on duty,0409,773929,Support,10/05/1993,France,Île-de-France,Goussainville,89461647599,89541562844,89214010200,19
Lindsy, Zhoresovna,Fawdrey,21/07/1990,lfawdreyd@bloglines.com,lg6MhEIA,Business Systems Development Analyst,sick leave,6048,757795,Business Development,25/02/1967,Canada,Newfoundland and Labrador,Pasadena,89050818699,89756903784,89589148545,11
Emmy, Zhoresovna,Wilkowski,09/10/1991,ewilkowskie@elpais.com,M3w8M4F,Assistant Manager,on duty,6371,294957,Accounting,04/11/1970,Netherlands,Provincie Zuid-Holland,Dordrecht,89074256539,89976251404,89296956931,28
Rudyard, Zhoresovich ,Scheffler,24/08/1996,rschefflerf@japanpost.jp,KqtCkF,Information Systems Manager,vacation,5785,445224,Research and Development,06/11/1987,France,Île-de-France,Versailles,89648793020,89830786673,89574469416,7
Mick, Zakharovna ,Gooden,23/08/1980,mgoodeng@cisco.com,nmKnir,Nurse,on duty,4284,725931,Human Resources,20/02/1956,Netherlands,Provincie Zuid-Holland,Den Haag,89047990645,89355765344,89271317915,33
Keri, Zhoresovna,McNellis,08/03/1989,kmcnellish@domainmarket.com,sreJcxJsD,Civil Engineer,vacation,2285,917772,Research and Development,06/03/1964,Portugal,Ilha do Pico,Companhia de Baixo,89668563277,89507602663,89449304824,11
Jimmie, Zakharovna ,Atteridge,10/02/1951,jatteridgei@yelp.com,hwNh3E9q0,Media Manager I,maternity leave,7433,616443,Legal,12/10/1990,France,Île-de-France,Roissy Charles-de-Gaulle,89290109821,89350292674,89491370212,3
Valerye, Zhoresovna,Dummer,14/05/1951,vdummerj@cam.ac.uk,KNqd7gUtO09I,Structural Analysis Engineer,on duty,4512,144106,Legal,22/06/1955,France,Pays de la Loire,Nantes,89614338622,89778311693,89888058151,15
Thalia, Zhoresovna,Rought,09/11/1968,troughtk@unesco.org,f5R3je,Editor,maternity leave,4069,013858,Business Development,04/07/1986,France,Centre,Orléans,89987690180,89362874798,89106901272,41
Kissiah, Zhoresovna,Winscom,31/01/1957,kwinscoml@technorati.com,JEo02ynhle,VP Accounting,on duty,2860,228020,Engineering,07/10/1984,Canada,Alberta,Fox Creek,89721745630,89647218234,89430712032,30
Lucila, Zakharovna ,Ivanchikov,28/06/1982,livanchikovm@last.fm,l1zZVrovAg,VP Quality Control,sick leave,2986,005775,Business Development,24/05/1988,Malaysia,Perak,Ipoh,89049626152,89519676133,89832277523,28
Juliann, Zhoresovna,Norfolk,08/12/1963,jnorfolkn@imgur.com,JVqpL8bsQEC,Research Nurse,maternity leave,7953,634677,Human Resources,27/07/1964,Spain,Asturias,Gijon,89414824640,89336846341,89987658774,11
Dalila, Zhoresovich ,Thorouggood,26/06/1982,dthorouggoodo@archive.org,xQjrU7rLxz,Physical Therapy Assistant,maternity leave,7288,269890,Services,09/04/1981,Sweden,Dalarna,Ludvika,89847654848,89758655321,89683472222,12
Alicia, Zakharovich ,Lammert,02/05/1970,alammertp@ucsd.edu,UC7OatQIk,Media Manager II,on duty,2321,116020,Product Management,26/10/1977,France,Provence-Alpes-Côte d'Azur,Port-de-Bouc,89611859336,89430662346,89812799068,44
Maurise, Zhoresovna,Maykin,23/07/1988,mmaykinq@nytimes.com,1lplnzJ,Marketing Manager,maternity leave,2949,187082,Product Management,05/06/1957,France,Île-de-France,Maisons-Laffitte,89799647694,89898934939,89576767329,50
Wilfred, Zhoresovna,Gyngyll,13/05/1994,wgyngyllr@msu.edu,UtkZkHZ3,Geological Engineer,maternity leave,1344,272818,Product Management,21/12/1958,Mexico,Tamaulipas,Benito Juarez,89693005380,89979568908,89715395603,28
Min, Zinovyevna ,Blythin,01/12/1983,mblythins@creativecommons.org,VTOfQs0,Staff Accountant IV,on duty,1699,153806,Training,06/08/1952,France,Pays de la Loire,Angers,89391342230,89418966098,89203949171,22
Brnaby, Zhoresovna,Dilger,04/04/1951,bdilgert@uol.com.br,MnytALs98EaE,Internal Auditor,time off,1363,800587,Support,12/10/1950,Canada,Ontario,Fort Erie,89325504950,89422986149,89700266413,7
Barty, Zhoresovich ,Parsell,26/08/1978,bparsellu@google.de,eGrZBwRiz0T,Technical Writer,maternity leave,1156,783165,Sales,20/12/1971,France,Provence-Alpes-Côte d'Azur,Nice,89139887724,89459758664,89850619068,46
Colline, Zhoresovna,McAline,07/08/1997,cmcalinev@nifty.com,8nGlIK56LFZQ,Information Systems Manager,on duty,1763,855957,Sales,17/11/1995,France,Île-de-France,Évry,89844945758,89234634366,89358789063,22
Hector, Zhoresovna,Raggatt,30/04/1995,hraggattw@people.com.cn,yV9LMe2,Operator,vacation,7989,980898,Human Resources,06/05/1986,Canada,Québec,Beaconsfield,89454432239,89811128772,89486912186,19
Keene, Zhoresovna,Tallboy,06/11/1956,ktallboyx@wikipedia.org,JuARQ6048l,Design Engineer,maternity leave,3960,964411,Research and Development,25/07/1971,France,Bourgogne,Dijon,89494739729,89544150895,89533801325,32
Sheridan, Zhoresovna,Dederich,01/02/1954,sdederichy@github.com,5RLdDZ98S,Marketing Manager,vacation,7745,396532,Sales,19/03/1967,Mexico,Jalisco,San Agustin,89936118793,89661946229,89454029074,32
Davita, Zinovyevna ,Freake,12/10/1999,dfreakez@independent.co.uk,jN861yxNj,Accountant II,time off,5786,963396,Business Development,09/03/1957,France,Basse-Normandie,Alençon,89530083390,89154749114,89250492859,44
Shelby, Zhoresovna,Chinge,08/07/1988,schinge10@tamu.edu,iRgJK98bC9,Professor,on duty,7235,832764,Human Resources,15/05/1969,Sweden,Örebro,Karlskoga,89339653608,89044911746,89845741035,18
Welbie, Zhoresovna,Pealing,04/06/1951,wpealing11@wikia.com,7PWPUeD,Software Engineer III,on duty,9740,168333,Engineering,03/02/1977,Portugal,Braga,São Miguel da Carreira,89402433030,89284166434,89493329828,35
Son, Zinovyevna ,Grinin,19/04/1954,sgrinin12@illinois.edu,H5pJ3wejiWY,Professor,on duty,2469,075468,Training,07/08/1964,Portugal,Porto,Urrô,89788882093,89668986256,89954824745,35
Shem, Zhoresovna,Lode,19/05/1978,slode13@hugedomains.com,Tcznia,Developer II,business trip,6360,253849,Business Development,25/07/1966,Norway,Telemark,Porsgrunn,89893956385,89281827446,89903497161,22
Timothea, Zhoresovna,Bromley,21/10/1990,tbromley14@prlog.org,XcfbEQ89Y,VP Accounting,on duty,3609,693089,Marketing,30/10/1961,Portugal,Vila Real,Torre do Pinhão,89304793108,89415680199,89237415264,45
Hali, Zhoresovna,McSkin,26/01/1983,hmcskin15@umich.edu,4VnFWtNKdu,Senior Financial Analyst,on duty,6764,724032,Services,15/12/1956,Canada,Québec,Lévis,89365572057,89536036446,89575198027,46
Felipe, Zhoresovna,Semonin,05/03/1990,fsemonin16@nsw.gov.au,PDCR4tH,Help Desk Operator,maternity leave,4564,322293,Research and Development,04/08/1961,Portugal,Castelo Branco,Teixoso,89060785026,89680173563,89660102566,33
Amandie, Zhoresovna,Abbys,27/02/1966,aabbys17@yellowpages.com,TaUPCCNqDnj,Food Chemist,sick leave,5341,488152,Legal,14/06/1974,Spain,Madrid,Madrid,89720527414,89866278039,89140312117,34
Reine, Zinovyevna ,Aspole,17/10/1988,raspole18@huffingtonpost.com,drUqCiC,Executive Secretary,time off,5082,944380,Human Resources,26/11/1981,France,Provence-Alpes-Côte d'Azur,Carpentras,89353114016,89759244491,89572377452,6
Holly, Zhoresovich ,Spreull,04/09/1966,hspreull19@tripod.com,ACiTNqqP32B,Senior Developer,vacation,1918,823902,Marketing,09/05/1950,Portugal,Setúbal,Trafaria,89158101784,89775762963,89653475251,18
Pamela, Zhoresovna,Jaksic,15/03/1999,pjaksic1a@dyndns.org,CrZShv,Electrical Engineer,on duty,2245,016568,Business Development,03/08/1976,Portugal,Faro,Alcoutim,89162141947,89356159787,89098702876,17
Joleen, Zhoresovna,Frankis,18/11/1972,jfrankis1b@whitehouse.gov,2Y8K2susj5zs,Research Assistant III,on duty,8803,934007,Sales,21/10/1961,France,Pays de la Loire,Saint-Herblain,89230700550,89390865680,89455765249,20
Emmalyn, Zhoresovna,de Voiels,26/04/1951,edevoiels1c@mayoclinic.com,jNenJFCBvtO,Media Manager III,maternity leave,0323,801180,Legal,10/09/1979,Spain,Cataluna,Lleida,89710590728,89932122711,89198343589,35
Gareth, Zakharovich ,Muldoon,21/12/1958,gmuldoon1d@disqus.com,Y73bVgUaVNG,Physical Therapy Assistant,on duty,5777,948158,Legal,04/01/1962,Portugal,Porto,Ponte Nova,89894527717,89165697358,89112037289,11
Tabby, Zhoresovna,Leopard,07/04/1999,tleopard1e@istockphoto.com,YbA1c4oIHZ0n,Engineer III,on duty,1932,654771,Business Development,01/01/1962,France,Île-de-France,Levallois-Perret,89487218879,89583178572,89365799236,39
Betti, Zhoresovich ,Fountaine,22/02/1983,bfountaine1f@twitter.com,OACUR8cxr7s,Research Nurse,business trip,5651,775086,Sales,08/04/1961,Mexico,Guerrero,Vicente Guerrero,89557867951,89255383031,89022096941,30
Allianora, Zhoresovna,Danbi,22/06/1954,adanbi1g@fotki.com,e4quqFY,Engineer II,maternity leave,0700,091010,Business Development,26/09/1950,Netherlands,Provincie Noord-Brabant,Breda,89126842923,89754099999,89631814272,2
Pembroke, Zhoresovich ,Robbs,27/11/1987,probbs1h@themeforest.net,BCngZ8JRf,Registered Nurse,vacation,6914,847840,Product Management,20/04/1953,Portugal,Viana do Castelo,Quintães,89119214934,89745152382,89134899617,25
Jaime, Zinovyevich ,Raiker,05/08/1962,jraiker1i@moonfruit.com,okmZmo1yTl2b,Junior Executive,on duty,6671,392904,Research and Development,01/12/1957,Canada,Alberta,Stettler,89945656858,89826138119,89862931302,22
Ricky, Zinovyevna ,Zute,25/03/1997,rzute1j@edublogs.org,T7f2mpnB,Financial Advisor,time off,4707,488089,Business Development,17/07/1978,France,Rhône-Alpes,Lyon,89104586875,89170046430,89786078381,44
Faulkner, Zhoresovna,Steptoe,15/02/1974,fsteptoe1k@state.tx.us,FVePjqQpYU3s,Quality Control Specialist,on duty,3881,152108,Sales,19/12/1959,Canada,Ontario,Picton,89693579156,89812682044,89622877270,45
Margaretta, Zhoresovna,Gladwish,19/04/1995,mgladwish1l@rakuten.co.jp,SCTpuRC4Vqs4,Sales Representative,vacation,4294,478369,Research and Development,14/05/1990,Norway,Oslo,Oslo,89815981540,89184512837,89338565533,15
Mickie, Yuryevich ,Jelliman,09/12/1977,mjelliman1m@hhs.gov,KeLr9QGbRRp,Electrical Engineer,on duty,1992,274319,Sales,22/08/1955,Sweden,Västra Götaland,Mölnlycke,89957630049,89091203727,89102968820,39
Stu, Zhoresovna,Castells,08/11/1964,scastells1n@goodreads.com,9sggr3LjRDq,Web Developer I,on duty,4293,175155,Product Management,20/08/1991,France,Île-de-France,Courbevoie,89261156050,89135237010,89950403791,46
Roger, Zhoresovich ,Tuckey,04/06/1957,rtuckey1o@opensource.org,f0mCfprVVY,Chemical Engineer,on duty,8687,503487,Sales,24/11/1982,France,Picardie,Abbeville,89770394598,89422016832,89781960525,8
Ambur, Zhoresovich ,Freyne,30/06/1962,afreyne1p@usda.gov,RBVXH3R5,Clinical Specialist,vacation,5875,202343,Legal,21/11/1956,Canada,Québec,Prévost,89098102922,89124446119,89115391691,5
Deerdre, Zhoresovna,Skepper,03/05/1988,dskepper1q@vinaora.com,QtDJ1cGJ689k,Software Consultant,on duty,9114,345363,Engineering,10/09/1992,Portugal,Leiria,Outeiro,89131013420,89212719999,89925395757,6
Lane, Zhoresovna,Jovic,26/09/1985,ljovic1r@samsung.com,IpavWilddpft,Biostatistician III,on duty,3692,626896,Legal,06/02/1960,Germany,Nordrhein-Westfalen,Dortmund,89985412591,89021665074,89170051198,34
Laurene, Zhoresovich ,Valentine,31/01/1957,lvalentine1s@angelfire.com,XgKXZehWyPH,Account Representative II,on duty,0342,862808,Business Development,27/12/1960,France,Île-de-France,Paris 08,89636083741,89758065579,89437459683,28
Reece, Zhoresovich ,Rastall,17/07/1956,rrastall1t@t-online.de,J1WGIz7Tpw27,Nurse Practicioner,maternity leave,6968,382648,Engineering,08/06/1976,France,Aquitaine,Blaye,89290102466,89817189415,89216272374,35
Jeth, Zhoresovich ,Aikenhead,08/08/1952,jaikenhead1u@independent.co.uk,5eNnujSYX1k,Speech Pathologist,maternity leave,9459,036431,Sales,28/09/1981,Portugal,Braga,Devesa,89062920752,89207577802,89433000211,35
Artus, Zhoresovich ,Killough,17/03/1974,akillough1v@shop-pro.jp,vsg53Q,VP Quality Control,maternity leave,2374,105867,Sales,28/10/1952,Hungary,Csongrád,Szeged,89275831581,89864233625,89102746492,19
Gwynne, Zhoresovich ,Cootes,18/08/1981,gcootes1w@blogspot.com,7k9ZlP,Systems Administrator III,maternity leave,4623,665567,Legal,23/03/1986,France,Lorraine,Metz,89324272420,89628040567,89287976951,39
Sib, Zinovyevich ,Lawee,27/09/1955,slawee1x@bloglovin.com,69Mcb3OuNSEe,Design Engineer,maternity leave,6236,556882,Product Management,27/08/1953,Canada,Québec,Les Coteaux,89477297144,89509711217,89272986903,18
Arney, Zhoresovna,Gradwell,13/12/1959,agradwell1y@google.co.uk,8oJEg90GgAOP,Business Systems Development Analyst,on duty,9624,411406,Marketing,05/05/1966,Portugal,Beja,Mértola,89621263332,89466041971,89905442920,30
Obadiah, Zhoresovna,Romme,26/04/1981,oromme1z@furl.net,jcVLY7Q2U,Mechanical Systems Engineer,on duty,9047,972332,Services,05/04/1984,Sweden,Kronoberg,Växjö,89364865571,89386192151,89463622665,47
Leland, Zinovyevna ,Fillis,02/05/1972,lfillis20@goo.gl,4OYPgt,Chemical Engineer,on duty,3913,668670,Human Resources,10/02/1982,France,Pays de la Loire,Les Sables-d'Olonne,89697541319,89560137042,89338027349,22
Roarke, Zakharovich ,Faherty,28/10/1977,rfaherty21@gnu.org,pCvhnl0w3PWR,Safety Technician III,on duty,8438,405805,Marketing,20/08/1991,Germany,Hessen,Witzenhausen,89770206120,89519661619,89431349553,36
Biddie, Zhoresovna,Edleston,22/04/1997,bedleston22@java.com,wSv54JWKElL,Administrative Assistant II,on duty,6472,045817,Human Resources,21/09/1972,Portugal,Lisboa,Queluz de Baixo,89066337125,89878126721,89831173360,16
Stanly, Zhoresovna,Bensen,05/04/1984,sbensen23@github.com,COVRm0wFA,Developer I,vacation,2018,586314,Marketing,22/02/1996,Spain,Cataluna,Sabadell,89033152351,89210333969,89304643658,45
Carmella, Zinovyevich ,Holah,10/01/1950,cholah24@bbc.co.uk,l9vGWHJ,Mechanical Systems Engineer,maternity leave,3052,270463,Product Management,18/04/1985,Malaysia,Labuan,Labuan,89263405174,89841027747,89389563537,4
Serge, Zhoresovna,Itzhak,24/02/1977,sitzhak25@vkontakte.ru,Gs7zBaUn8I,Associate Professor,on duty,8054,217791,Research and Development,23/11/1993,Malaysia,Putrajaya,Putrajaya,89928704598,89630545464,89535737814,25
Shayne, Zhoresovna,Gerg,31/01/1981,sgerg26@alibaba.com,ayFJm2ijldiq,Web Designer IV,on duty,7441,433178,Support,22/03/1999,Germany,Sachsen,Leipzig,89818252494,89949156086,89649424110,39
Julie, Zhoresovna,Dobbinson,23/12/1980,jdobbinson27@vistaprint.com,wPpqa1ic8,Sales Representative,maternity leave,1972,169159,Accounting,04/06/1950,Mexico,Guanajuato,El Refugio,89524025948,89615540286,89390434159,33
Paulette, Zhoresovich ,Badam,06/11/1987,pbadam28@feedburner.com,lLfFZQDjgL,Administrative Assistant IV,vacation,5272,256009,Support,16/09/1995,Canada,Québec,Neuville,89573635746,89865158816,89208640837,24
Katleen, Zhoresovna,Fiander,10/01/1950,kfiander29@nationalgeographic.com,RhQ0vCv7W7,Community Outreach Specialist,business trip,0590,025773,Accounting,23/07/1970,Portugal,Braga,Lama,89605954022,89106696063,89621576422,36
Teressa, Zhoresovich ,Onthank,12/09/1989,tonthank2a@aboutads.info,OEYF126ckaN,Assistant Professor,maternity leave,8247,283151,Services,10/05/1985,Portugal,Braga,Nine,89717275329,89121310915,89599404443,37
Larine, Zinovyevich ,Harrington,07/01/1963,lharrington2b@constantcontact.com,CpvA5A0Vg,Senior Editor,maternity leave,6816,993678,Human Resources,04/11/1981,Canada,New Brunswick,Saint John,89986563719,89217762450,89069566264,2
Wini, Zinovyevich ,Tokell,15/07/1997,wtokell2c@blog.com,6eD9C80,Executive Secretary,on duty,9158,431264,Sales,05/08/1957,Portugal,Viseu,Oliveira do Conde,89154839337,89222558614,89680502274,34
Perry, Zhoresovna,Wodham,08/02/1962,pwodham2d@seesaa.net,bKK838,Junior Executive,on duty,2200,381654,Support,02/11/1958,United Kingdom,England,Charlton,89591293289,89092680389,89843318548,40
Jo-ann, Zinovyevna ,Fance,22/12/1965,jfance2e@stumbleupon.com,SryYxamJf8CM,Recruiting Manager,on duty,5350,065650,Support,06/05/1953,Portugal,Braga,Chavão,89627596917,89321517312,89340682454,19
Garland, Zhoresovna,Crawshay,18/07/1984,gcrawshay2f@instagram.com,ALMT4zP8wY,Statistician II,on duty,6715,506337,Training,09/04/1951,Sweden,Västra Götaland,Partille,89830665966,89296405599,89439564753,22
Edithe, Zakharovna ,Rohloff,29/07/1968,erohloff2g@opera.com,eikuDHeGnJ,Research Assistant I,on duty,0709,234176,Training,25/04/1994,Norway,Aust-Agder,Arendal,89181653319,89636971631,89556776320,34
Judas, Zhoresovna,Ennor,31/03/1963,jennor2h@cloudflare.com,I3okvx0j,Structural Analysis Engineer,time off,1899,068599,Product Management,04/06/1952,Portugal,Guarda,Seixas do Douro,89758552960,89075840511,89484219238,19
Lotty, Zhoresovna,Havercroft,05/07/1986,lhavercroft2i@statcounter.com,0NTWkBGfHpj,Project Manager,vacation,4722,411251,Engineering,10/02/1970,France,Centre,Vineuil,89284924660,89857685199,89245354900,36
Willard, Zhoresovna,Mattecot,01/04/1959,wmattecot2j@foxnews.com,nFphYndf,Data Coordiator,sick leave,2946,200437,Human Resources,13/11/1968,Canada,Québec,Lévis,89282200030,89869095566,89912255449,8
Penn, Zhoresovna,Scoles,14/03/1978,pscoles2k@usnews.com,zFndOgghK,Administrative Officer,on duty,0751,818045,Services,05/11/1950,Portugal,Viana do Castelo,Cachadinha,89298254031,89342841627,89089158736,30
Phaedra, Zhoresovich ,Kovelmann,11/09/1982,pkovelmann2l@drupal.org,CrG4Waxc,Programmer Analyst II,on duty,2494,256550,Product Management,07/06/1980,France,Île-de-France,Versailles,89615615653,89837876123,89608171795,4
Seamus, Zhoresovich ,Dunleavy,04/01/1985,sdunleavy2m@nps.gov,EC7BTs,Marketing Manager,on duty,8995,177103,Marketing,06/07/1984,Sweden,Kalmar,Gamleby,89240512412,89682357166,89186559630,50
Jemimah, Zhoresovich ,Brenstuhl,26/01/1980,jbrenstuhl2n@goo.gl,tET7HgRKG,Web Designer III,on duty,3770,352146,Human Resources,19/12/1979,Sweden,Örebro,Kumla,89887790021,89201757229,89329357975,28
Celene, Zinovyevna ,Pierse,23/03/1984,cpierse2o@army.mil,Asc07u9D,Pharmacist,maternity leave,7666,304760,Training,07/01/1991,France,Languedoc-Roussillon,Béziers,89491110627,89646380341,89697147382,35
Rufus, Zinovyevna ,Devo,25/03/1964,rdevo2p@amazonaws.com,9edgYe3Z,Research Nurse,on duty,7190,232251,Product Management,02/10/1954,France,Franche-Comté,Besançon,89319257594,89932131912,89158819454,37
Camella, Zhoresovna,Hairesnape,05/04/1965,chairesnape2q@elegantthemes.com,ysDDt9rZ2R4,Software Test Engineer I,maternity leave,4538,625419,Training,16/06/1974,Mexico,Veracruz Llave,Hidalgo,89176002991,89355745826,89115861050,36
Jeanie, Zhoresovich ,Cordoba,30/04/1977,jcordoba2r@cbc.ca,eGjmhG8YSrW,Legal Assistant,on duty,8758,959320,Engineering,05/05/1986,Canada,Newfoundland and Labrador,Pasadena,89213617452,89940345911,89595512401,24
Adah, Zhoresovna,Dowber,26/05/1976,adowber2s@trellian.com,MWbRPA,Environmental Tech,on duty,3485,721184,Accounting,05/11/1970,Portugal,Vila Real,Vila Nova,89131788189,89355955829,89430569713,44
Rene, Zhoresovna,Tewelson,16/05/1966,rtewelson2t@ft.com,7x4KqPLZKPU0,Nurse Practicioner,time off,0724,995229,Engineering,26/07/1957,France,Île-de-France,Nogent-sur-Marne,89503388511,89240031983,89320596003,18
Lilian, Zhoresovich ,Crean,08/03/1982,lcrean2u@amazonaws.com,xkgWvmvK,Research Associate,time off,2068,228646,Legal,01/10/1980,France,Île-de-France,Roissy Charles-de-Gaulle,89146196621,89751938380,89425443144,5
Brooke, Zhoresovna,Ness,21/01/1963,bness2v@cisco.com,3Pekb5wJ,Chief Design Engineer,vacation,5212,052417,Human Resources,23/07/1961,Mexico,Veracruz Llave,Cuauhtemoc,89531473331,89078871704,89111508073,3
Letti, Zakharovich ,Kynastone,07/03/1957,lkynastone2w@dell.com,Aug0qEx0r,GIS Technical Architect,on duty,9563,631320,Support,20/11/1980,France,Île-de-France,Roissy Charles-de-Gaulle,89250166958,89668319715,89429007565,15
Rene, Zakharovna ,Stirzaker,25/06/1995,rstirzaker2x@aboutads.info,zn44Nn,Human Resources Manager,on duty,3648,660914,Support,03/04/1962,France,Midi-Pyrénées,Cahors,89392583049,89619674794,89427406785,10
Avictor, Zhoresovna,Rohan,17/04/1989,arohan2y@163.com,Wloupu,VP Marketing,on duty,3125,811447,Human Resources,19/02/1986,France,Limousin,Limoges,89521202248,89353558270,89264898543,11
Renado, Zhoresovna,Kopke,16/09/1982,rkopke2z@jimdo.com,HCiug0,VP Sales,on duty,1444,032857,Legal,29/10/1970,Norway,Vestfold,Tønsberg,89567778924,89457709872,89229861601,40
Paquito, Zinovyevich ,Volker,20/02/1972,pvolker30@diigo.com,e64W1iQaeEg,Structural Engineer,on duty,7160,693025,Accounting,01/04/1957,Portugal,Coimbra,Corticeiro de Baixo,89634669234,89879729393,89090172653,20
Humberto, Zinovyevich ,Cowthart,26/01/1955,hcowthart31@dailymotion.com,EvAhKuD,Tax Accountant,maternity leave,3978,705551,Sales,09/06/1982,France,Basse-Normandie,Caen,89894729915,89344448576,89833379648,28
Cully, Zinovyevna ,Fardell,31/12/1989,cfardell32@globo.com,PTKCc8oFE,Automation Specialist II,vacation,5537,176044,Product Management,02/08/1992,Mexico,Nuevo Leon,San Isidro,89790644553,89941096715,89033063879,30
Felizio, Zinovyevich ,Wellard,29/11/1995,fwellard33@yahoo.co.jp,cZkEXyO0wj,Marketing Assistant,on duty,2909,649337,Marketing,15/01/1988,Canada,Newfoundland and Labrador,Grand Bank,89337807728,89290501433,89915255097,14
Willis, Zhoresovich ,Beeck,05/03/1982,wbeeck34@shareasale.com,TS7dA48KC6,Statistician I,maternity leave,3753,254099,Support,05/11/1992,Sweden,Södermanland,Katrineholm,89384145039,89705239361,89695753169,8
Carlotta, Zakharovich ,Emps,17/02/1953,cemps35@netvibes.com,dYYVIu1vhVAW,Automation Specialist I,maternity leave,6507,182529,Human Resources,21/03/1955,Portugal,Viana do Castelo,Calçada,89643447208,89295470756,89600513927,23
Torrie, Zakharovna ,Mc Andrew,06/01/1994,tmcandrew36@hibu.com,Ld9UJ2gm9,Sales Representative,on duty,2111,011653,Legal,26/05/1971,Portugal,Ilha de São Jorge,Rosais,89453372798,89108278504,89599802444,31
Sherill, Zhoresovich ,Walkley,22/01/1997,swalkley37@sakura.ne.jp,rj7EZfVKHKbo,Community Outreach Specialist,maternity leave,6849,165526,Training,18/12/1986,Germany,Hamburg,Hamburg,89259019539,89244333707,89841472304,9
Ewan, Zhoresovna,Stock,11/02/1976,estock38@soup.io,8CMZZaTS,Payment Adjustment Coordinator,on duty,4066,725629,Human Resources,14/09/1987,Netherlands,Provincie Noord-Brabant,Tilburg,89075077433,89198519417,89492244239,18
Rick, Zhoresovna,Mabey,10/07/1969,rmabey39@bluehost.com,FGmiHH,Sales Representative,vacation,3282,246927,Human Resources,05/02/1966,Mexico,Morelos,Benito Juarez,89760259661,89957097711,89898335912,45
Guido, Zhoresovich ,Guile,27/11/1976,gguile3a@hhs.gov,nCh6TOSOg,Administrative Officer,maternity leave,0225,070830,Research and Development,08/09/1983,France,Centre,Tours,89802685513,89877218422,89450746417,34
Wolfgang, Zhoresovna,Dennes,13/12/1983,wdennes3b@github.com,7EJbeOgPLv,Registered Nurse,on duty,3079,605269,Human Resources,17/03/1960,Portugal,Coimbra,Carapelhos,89901856545,89204249545,89535743151,43
Vicki, Zhoresovich ,Dowdell,16/04/1999,vdowdell3c@squidoo.com,q0zezEDx,Programmer Analyst II,on duty,7386,819167,Support,30/09/1993,France,Rhône-Alpes,Annecy,89738225526,89416453034,89854318302,17
Berte, Zhoresovich ,Reade,20/02/1960,breade3d@unesco.org,UDq4pwzlLs,Food Chemist,on duty,0194,038649,Marketing,01/06/1957,Spain,Comunidad Valenciana,Castellon De La Plana/Castello De La Pla,89739955013,89401216872,89587918233,31
Montgomery, Zinovyevich ,Searl,17/05/1962,msearl3e@nhs.uk,boRpay4vTwO,Structural Analysis Engineer,vacation,0734,495866,Product Management,18/12/1960,Mexico,Veracruz Llave,Rancho Nuevo,89860200072,89568598426,89558488120,47
Sherrie, Zhoresovna,Kinforth,28/06/1980,skinforth3f@cbsnews.com,zoLyzBr,Environmental Specialist,on duty,5022,304488,Legal,12/07/1974,Portugal,Braga,Santo Adrião Vizela,89563021825,89204262839,89045349541,32
Andrei, Zhoresovna,Skippon,12/03/1954,askippon3g@state.gov,eDcQuXBsh,Editor,on duty,6152,333370,Training,02/08/1999,Sweden,Västra Götaland,Uddevalla,89116299652,89639407478,89760227878,13
Dacy, Zinovyevna ,Yell,25/05/1955,dyell3h@istockphoto.com,zn6clm,Research Associate,on duty,4842,796695,Product Management,22/11/1973,Norway,Oppland,Lillehammer,89754890651,89392302824,89766526140,43
Margaux, Zinovyevich ,Graben,08/08/1987,mgraben3i@joomla.org,WsFz4S2l,Analog Circuit Design manager,on duty,8746,044727,Support,13/04/1977,Portugal,Braga,Sande São Lourenço,89707349771,89341341424,89417725361,17
Dori, Zakharovna ,Brotherwood,04/05/1971,dbrotherwood3j@google.com.br,P0865b6Jl9CZ,Technical Writer,on duty,3825,684543,Business Development,21/12/1994,Canada,Québec,Chambly,89554110335,89742704209,89694020348,44
Dael, Zhoresovna,Melmar,09/09/1993,dmelmar3k@pen.io,YWjWq8JBUxj,Information Systems Manager,on duty,9636,494483,Business Development,23/06/1966,Portugal,Coimbra,São Pedro,89632075157,89488509160,89287506421,24
Kally, Zhoresovich ,Jude,23/11/1963,kjude3l@amazon.com,6hHHyg,Actuary,on duty,2296,215581,Sales,03/10/1975,Spain,Ceuta,Ceuta,89056075471,89286415891,89464302238,21
Gusta, Zinovyevna ,Ouchterlony,27/07/1984,gouchterlony3m@seattletimes.com,nJBbwxi,Quality Engineer,maternity leave,1929,698707,Marketing,12/09/1994,Portugal,Porto,Campos,89497326015,89567163692,89613757689,12
Victoir, Zhoresovna,Harp,11/04/1969,vharp3n@moonfruit.com,KszZfhb,Clinical Specialist,on duty,5383,917113,Marketing,03/08/1961,Sweden,Skåne,Osby,89600422077,89471807353,89547839410,8
Quintin, Zhoresovna,O'Kielt,28/04/1956,qokielt3o@upenn.edu,HGjqnyp,Human Resources Assistant II,maternity leave,4989,375299,Accounting,20/08/1970,Norway,Sor-Trondelag,Trondheim,89922820153,89832022361,89271615641,25
Dorey, Zinovyevich ,Gerren,08/02/1958,dgerren3p@hp.com,Rl9XKE,Recruiting Manager,maternity leave,2827,291458,Support,20/04/1967,Portugal,Lisboa,Alverca do Ribatejo,89082234387,89387708996,89732360936,2
Selina, Zakharovna ,Sellwood,13/04/1988,ssellwood3q@yelp.com,fzKAWkGQjwo,Payment Adjustment Coordinator,on duty,2250,502512,Services,26/07/1976,Sweden,Östergötland,Motala,89359806287,89105467901,89387422789,14
Ashely, Zhoresovna,Pipes,16/05/1991,apipes3r@biblegateway.com,CB0FAjG,Senior Financial Analyst,on duty,4456,136031,Research and Development,15/11/1978,France,Basse-Normandie,Saint-Lô,89464346944,89313759153,89644685903,3
Xever, Zinovyevna ,Eager,29/01/1980,xeager3s@exblog.jp,qNsJA2,Electrical Engineer,vacation,0421,333998,Services,31/08/1957,Portugal,Vila Real,Murça,89055465159,89431102704,89647612181,24
Catrina, Zinovyevna ,Kevis,21/03/1982,ckevis3t@pagesperso-orange.fr,Qv0jTj,VP Accounting,on duty,6557,100410,Research and Development,31/01/1992,Mexico,Veracruz Llave,Bellavista,89628979594,89536420109,89086686920,14
Charyl, Zhoresovna,de Keyser,16/04/1967,cdekeyser3u@is.gd,QU15Ue,Cost Accountant,maternity leave,9135,772844,Legal,19/10/1959,Portugal,Porto,Feitoria,89981422412,89034474198,89280373843,23
Cathee, Zhoresovna,Sarra,04/07/1977,csarra3v@bloglovin.com,hu3w6N,Librarian,time off,0149,810275,Services,20/06/1993,United Kingdom,England,Whitwell,89275905719,89234056639,89590017671,29
Tamra, Zhoresovna,Wardhough,05/02/1983,twardhough3w@joomla.org,cdq8BB7rp5,Programmer Analyst II,maternity leave,1799,046993,Services,14/09/1967,Canada,Manitoba,Flin Flon,89386262796,89691948659,89355817955,22
Kassandra, Zinovyevna ,Quincee,21/03/1986,kquincee3x@mozilla.org,8q9y8tJjbV8C,Project Manager,maternity leave,7975,423421,Accounting,26/07/1952,Canada,New Brunswick,Miramichi,89413627794,89300224513,89151370378,40
Kerwin, Zhoresovna,Ferre,27/11/1999,kferre3y@mapy.cz,PtAT6qkKV0,Safety Technician III,on duty,7846,755565,Accounting,14/03/1952,Portugal,Porto,Seroa,89351432544,89522803425,89518742222,41
Monah, Zhoresovich ,Krook,24/12/1987,mkrook3z@topsy.com,bYPtZm9HmH,Geological Engineer,maternity leave,0657,093476,Sales,31/10/1993,France,Languedoc-Roussillon,Béziers,89574831605,89909255792,89429329238,23
Eduard, Zhoresovna,Iffland,19/05/1969,eiffland40@linkedin.com,yJ74as9U,Database Administrator I,maternity leave,1122,122789,Marketing,29/04/1981,Malaysia,Labuan,Labuan,89803375337,89143991328,89734207749,49
Early, Zhoresovna,Dametti,08/09/1997,edametti41@gmpg.org,663HDmq,Research Assistant II,on duty,5882,184289,Human Resources,24/05/1972,France,Île-de-France,Nanterre,89047029125,89513217091,89153105487,23
Urbanus, Zinovyevna ,Vollam,24/03/1995,uvollam42@blogspot.com,qblNAQfir1T,Web Designer II,time off,9212,675812,Legal,30/12/1962,Canada,Manitoba,Stonewall,89748441581,89834187074,89466763655,4
Hugibert, Zhoresovna,Dudney,19/06/1954,hdudney43@4shared.com,No0RHYTvt,Mechanical Systems Engineer,on duty,9206,492090,Research and Development,01/02/1960,Portugal,Lisboa,Vale Mourão,89494780854,89049001292,89554292924,2
Raimundo, Zinovyevna ,Grewcock,10/11/1957,rgrewcock44@naver.com,XcKMd5PZzvl,Actuary,business trip,6559,676918,Engineering,18/02/1996,Mexico,Chiapas,Lindavista,89501710322,89546099661,89646100816,35
Rowland, Zhoresovna,Prigmore,06/05/1991,rprigmore45@e-recht24.de,zSKKIZ9yIsf,Payment Adjustment Coordinator,maternity leave,2946,786957,Research and Development,24/07/1974,France,Île-de-France,Colombes,89056827347,89707135120,89605840949,15
Magda, Yuryevich ,Francesco,28/10/1951,mfrancesco46@elegantthemes.com,MPl13q9s,Automation Specialist III,on duty,4850,430122,Support,29/02/1964,France,Centre,Blois,89739596336,89184454462,89283170540,7
Tobe, Zhoresovna,Hutton,09/10/1984,thutton47@rakuten.co.jp,sibZJq,Mechanical Systems Engineer,time off,2318,012924,Research and Development,23/03/1970,Canada,British Columbia,Kimberley,89066861911,89944266901,89671418978,40
Lyssa, Zhoresovna,Dodding,11/11/1954,ldodding48@hatena.ne.jp,1xjz3LWE,Physical Therapy Assistant,maternity leave,4576,881335,Training,23/09/1962,Sweden,Västra Götaland,Torslanda,89030419294,89942385866,89284480439,43
Dorthy, Zhoresovna,Johnstone,05/11/1968,djohnstone49@ucoz.com,mnX3UJ2GB,Research Associate,on duty,4079,390825,Services,27/07/1953,France,Lorraine,Nancy,89738694561,89222458949,89697602793,47
Tish, Zakharovich ,Dorking,04/07/1966,tdorking4a@independent.co.uk,9IV7Hb3,Structural Engineer,on duty,9829,650196,Business Development,28/11/1961,Portugal,Viana do Castelo,Barreiras,89473436485,89838872130,89955325664,44
Chicky, Zhoresovna,Ledwitch,16/06/1950,cledwitch4b@barnesandnoble.com,KD1U5Z,GIS Technical Architect,time off,7541,837192,Human Resources,08/06/1971,France,Basse-Normandie,Cherbourg-Octeville,89655618389,89644671112,89040207220,48
Stewart, Zhoresovich ,Raithbie,09/03/1951,sraithbie4c@jugem.jp,hW1cX7AS,Recruiter,on duty,6136,238134,Sales,04/07/1983,France,Lorraine,Nancy,89864370369,89337119983,89704569591,26
Cornie, Zhoresovna,Flury,24/06/1989,cflury4d@phpbb.com,OkMP0xIi,Software Engineer II,on duty,3297,937462,Engineering,10/09/1975,Portugal,Lisboa,A dos Cunhados,89209236714,89980821459,89125456273,7
Fae, Zakharovich ,Simpson,29/10/1961,fsimpson4e@ameblo.jp,2NlfjB3,Automation Specialist III,on duty,6083,426492,Business Development,31/05/1959,France,Centre,Tours,89817856729,89950304038,89339764846,8
Koressa, Zhoresovich ,Brayshay,19/03/1959,kbrayshay4f@themeforest.net,3TxhtZMQhr0,Safety Technician III,maternity leave,1190,475949,Product Management,28/06/1951,Sweden,Stockholm,Stockholm,89283516489,89973895974,89257297451,44
Virgil, Zhoresovna,Lillecrap,16/04/1973,vlillecrap4g@weather.com,2PNpX7pTVD,Recruiting Manager,on duty,4396,319652,Human Resources,18/12/1979,Portugal,Faro,Aldeia da Bela Vista,89915677424,89988005237,89473670067,17
Lindsey, Zhoresovich ,Gruczka,20/03/1973,lgruczka4h@bing.com,i0dzm6,Geologist I,on duty,9657,949630,Sales,02/03/1994,Sweden,Västra Götaland,Vårgårda,89761160318,89367842522,89110528014,23
Jamey, Zinovyevna ,Townsley,20/01/1986,jtownsley4i@ycombinator.com,1K3TMl0,Nuclear Power Engineer,maternity leave,1223,836281,Business Development,10/08/1961,Malaysia,Sabah,Kota Kinabalu,89927314592,89734365762,89784137487,38
Griff, Zhoresovna,Essex,02/10/1950,gessex4j@usa.gov,spnnFZHKnhq,VP Marketing,on duty,8158,819073,Product Management,17/11/1983,Norway,Oslo,Oslo,89620840456,89727047370,89710827351,23
Giovanni, Zhoresovich ,Longbottom,10/05/1989,glongbottom4k@plala.or.jp,rUCSYA,Librarian,on duty,4046,674633,Legal,22/05/1999,Sweden,Västra Götaland,Färgelanda,89787481437,89382624135,89232237388,28
Trenna, Zhoresovna,Buesden,29/11/1955,tbuesden4l@arizona.edu,Tn4k6IM,Social Worker,on duty,6163,136711,Accounting,12/02/1961,Portugal,Viseu,Carvalhal,89215648645,89884793988,89390688785,2
Tucky, Zinovyevna ,Poleykett,05/08/1958,tpoleykett4m@noaa.gov,EfFiNrfR,Engineer III,maternity leave,7339,257616,Engineering,16/09/1999,Canada,Québec,Louiseville,89383589457,89982374217,89474970294,13
Gan, Zhoresovna,Hassett,25/06/1968,ghassett4n@smugmug.com,CoMOznWgA,Environmental Specialist,vacation,0304,650792,Engineering,07/08/1993,France,Picardie,Chantilly,89780199506,89291653313,89975533019,26
Baird, Yuryevna ,Montague,04/03/1974,bmontague4o@umich.edu,JJE8RS,Librarian,maternity leave,9594,720803,Training,19/09/1984,Sweden,Skåne,Kristianstad,89077108052,89924616005,89028042283,43
Noellyn, Zinovyevna ,Boswell,30/10/1990,nboswell4p@netscape.com,pp4Vem9T,Teacher,on duty,0115,804683,Services,27/04/1981,France,Pays de la Loire,Nantes,89480222420,89615820580,89949359640,19
Melvin, Zhoresovich ,Wittey,03/08/1978,mwittey4q@prweb.com,iDlS5XCdxsL,Graphic Designer,on duty,0182,542123,Product Management,18/10/1957,France,Franche-Comté,Besançon,89628120370,89763133803,89663807196,20
Job, Zinovyevich ,Shillom,07/05/1971,jshillom4r@geocities.jp,cVha2q7iOPuq,Engineer I,vacation,5921,480676,Research and Development,03/09/1974,France,Île-de-France,Melun,89609624978,89773646908,89246583084,7
Purcell, Zhoresovna,Brymner,02/08/1954,pbrymner4s@seesaa.net,CzgPHfu,Product Engineer,maternity leave,2653,956892,Services,21/03/1989,Mexico,Veracruz Llave,La Gloria,89210114622,89559290597,89112820946,8
Garnet, Zhoresovna,Dani,02/12/1961,gdani4t@mit.edu,Z4i5J2cdBg,Structural Analysis Engineer,maternity leave,9152,591880,Training,13/12/1951,Sweden,Västernorrland,Sundsvall,89497733563,89455272677,89400506821,17
Alfonse, Zhoresovna,Earwaker,08/02/1976,aearwaker4u@google.com.au,XRe0UgHCKsiV,Senior Developer,maternity leave,2768,101707,Training,07/10/1954,Portugal,Braga,Braga,89540457923,89707608323,89125658534,5
Gene, Zhoresovna,Train,26/07/1961,gtrain4v@symantec.com,T81Sln3ETt4,Analog Circuit Design manager,maternity leave,6908,494888,Support,10/05/1952,Denmark,Region Hovedstaden,København,89240072118,89029446882,89977547896,45
Lockwood, Zinovyevna ,MacAlpine,11/03/1994,lmacalpine4w@bbb.org,mBNCP1CV,Registered Nurse,on duty,0778,373789,Product Management,13/03/1963,France,Île-de-France,Saint-Germain-en-Laye,89302531332,89894841907,89041281597,14
Fonsie, Zhoresovich ,Fawcett,05/04/1970,ffawcett4x@livejournal.com,DwRpuN9V9ra,Associate Professor,on duty,0677,909168,Support,25/01/1971,France,Poitou-Charentes,Angoulême,89716596388,89117481056,89114270628,5
Carolan, Zhoresovna,Richardson,09/02/1985,crichardson4y@java.com,rjeKiWrxSH,Database Administrator I,maternity leave,2209,626006,Accounting,14/07/1985,Malaysia,Negeri Sembilan,Seremban,89810035213,89204947960,89242770529,10
Nonie, Zakharovna ,Bazek,11/01/1951,nbazek4z@patch.com,CSDSPJv,Human Resources Assistant II,on duty,3284,044494,Support,08/06/1954,Mexico,Oaxaca,Lazaro Cardenas,89955323161,89574283446,89953826195,21
Goldy, Zhoresovich ,Soulsby,02/03/1993,gsoulsby50@unesco.org,154c26TG07Ze,Programmer Analyst IV,on duty,8459,768859,Human Resources,06/11/1985,Mexico,Jalisco,Alameda,89106240280,89798664484,89235393164,24
Karissa, Zinovyevna ,Slaten,31/12/1954,kslaten51@exblog.jp,ux0sA1ZZdC,Administrative Officer,on duty,3199,210833,Services,24/05/1965,Portugal,Braga,Sá,89847981623,89619371109,89035734604,32
Kaye, Zhoresovna,Le Sieur,16/11/1980,klesieur52@nih.gov,m2xvBjzj,Operator,on duty,9356,109271,Legal,28/12/1961,Canada,Québec,Montréal-Est,89834697446,89437967149,89461487370,44
Baryram, Zinovyevich ,Chetwin,05/12/1972,bchetwin53@example.com,5o7elI72m,Senior Financial Analyst,maternity leave,1385,388540,Sales,07/10/1978,Canada,Québec,Montréal-Est,89496769243,89394681423,89572905602,38
Bradley, Yulyevich ,Hassin,09/05/1990,bhassin54@oakley.com,ga7KcACCGNjI,Human Resources Manager,on duty,1679,288669,Marketing,09/04/1984,Malaysia,Sabah,Tawau,89953387659,89053788307,89798184231,16
Ema, Zhoresovna,Chomley,19/01/1959,echomley55@g.co,U9vtCTSUZ,Structural Engineer,on duty,9494,775302,Services,30/11/1951,France,Provence-Alpes-Côte d'Azur,La Garde,89425727319,89325092653,89718698249,4
Ram, Zhoresovna,Bener,11/07/1969,rbener56@prnewswire.com,JBmVyZFVu5,Account Coordinator,maternity leave,5032,930998,Training,24/04/1984,Malaysia,Kuala Lumpur,Kuala Lumpur,89983828122,89075375220,89188307829,28
Even, Zinovyevich ,Dorant,07/11/1988,edorant57@hp.com,5iXiT0x,Recruiter,time off,3741,361475,Research and Development,01/01/1975,France,Rhône-Alpes,Bourgoin-Jallieu,89123031669,89377818278,89830480824,33
Carver, Zhoresovich ,Asman,23/01/1957,casman58@lycos.com,cwzH1k6gHpnv,Office Assistant II,vacation,4574,250421,Legal,21/05/1973,Germany,Nordrhein-Westfalen,Mönchengladbach,89987740992,89118482187,89598849045,16
Rosaleen, Zhoresovna,Ilyenko,11/08/1952,rilyenko59@timesonline.co.uk,MwitzI,Pharmacist,sick leave,0779,348996,Sales,20/04/1985,France,Basse-Normandie,Alençon,89571866005,89774187564,89135087039,22
Eileen, Zhoresovich ,MacMenamin,28/02/1964,emacmenamin5a@google.pl,CmrZ76wEhm,Structural Analysis Engineer,vacation,4735,936100,Engineering,14/10/1974,Sweden,Västmanland,Västerås,89617153063,89674597145,89471990502,3
Allx, Zhoresovich ,Dobie,06/06/1956,adobie5b@gizmodo.com,2gSFljT,Editor,vacation,2286,694150,Sales,23/05/1952,Mexico,Veracruz Llave,Emiliano Zapata,89044319812,89541622215,89395386152,21
Granthem, Zhoresovich ,Chinnock,30/08/1996,gchinnock5c@nifty.com,6Cl8CY,Human Resources Manager,on duty,0399,623225,Training,08/10/1976,Norway,Hordaland,Isdalstø,89191598397,89054925760,89365466639,20
Deanna, Zhoresovich ,Toderini,05/08/1984,dtoderini5d@microsoft.com,1jEan7ww,Actuary,on duty,5317,994684,Research and Development,19/07/1967,France,Île-de-France,Nogent-sur-Marne,89953893270,89434046446,89143291407,4
Darryl, Zhoresovna,Angelini,12/03/1954,dangelini5e@booking.com,oiDOdbdPZp,Quality Engineer,maternity leave,3235,242715,Services,21/03/1984,Netherlands,Provincie Zuid-Holland,Leiden,89380122185,89646567013,89179956896,35
Cole, Zhoresovna,Alliban,04/08/1979,calliban5f@trellian.com,NKT2nHFKb46,Clinical Specialist,on duty,5429,675002,Sales,18/02/1994,France,Nord-Pas-de-Calais,Lille,89407502327,89780445984,89577065907,39
Tracee, Zinovyevna ,Ybarra,09/02/1975,tybarra5g@moonfruit.com,FHYtvC9uI,Recruiting Manager,vacation,8235,567348,Marketing,14/01/1995,France,Bretagne,Vannes,89941489111,89441146594,89183610075,15
Alisa, Zhoresovna,Rohfsen,18/03/1950,arohfsen5h@blogspot.com,W079vE,Paralegal,maternity leave,2685,691381,Accounting,29/02/1968,France,Île-de-France,Taverny,89067513883,89638768767,89734467552,21
Charlie, Zhoresovna,Kilbee,30/12/1961,ckilbee5i@abc.net.au,uH1tP2Dnfln,Cost Accountant,on duty,2257,635480,Training,16/12/1994,United Kingdom,England,Church End,89165253067,89365428246,89403163186,36
Lauryn, Zhoresovna,Shearsby,19/11/1986,lshearsby5j@xrea.com,NrzZhxi8,Cost Accountant,vacation,9653,173790,Support,16/10/1987,Spain,Andalucia,Sevilla,89821340807,89204576767,89843325699,26
Travus, Zhoresovich ,Cantua,24/08/1962,tcantua5k@mail.ru,bmjIJZadxK,Payment Adjustment Coordinator,sick leave,9848,038166,Product Management,17/07/1951,Portugal,Porto,Mosteiró,89040084584,89641988541,89055937126,12
Yvor, Zinovyevich ,Lane,16/02/1987,ylane5l@google.pl,AODNvI9GH,Product Engineer,on duty,6556,658704,Services,25/11/1973,Portugal,Ilha Terceira,Porto Martins,89190179486,89319787232,89575777514,49
Sibelle, Zhoresovich ,Hassan,30/11/1999,shassan5m@spotify.com,EpDz0h,Quality Control Specialist,on duty,9960,088451,Human Resources,16/09/1999,Portugal,Bragança,Mirandela,89925926703,89096681667,89078161335,3
Fredia, Zhoresovna,Jennemann,30/06/1958,fjennemann5n@people.com.cn,wVoZPHDETr,Editor,on duty,7417,545439,Marketing,19/07/1989,Portugal,Ilha da Madeira,Madalena do Mar,89548720443,89478208459,89512689090,30
Marsh, Zhoresovna,Keywood,21/02/1987,mkeywood5o@marketwatch.com,tmxrFx,VP Sales,vacation,3915,796232,Support,17/09/1966,Portugal,Santarém,Aldeia de Além,89486113220,89856877842,89069450386,1
Stirling, Zhoresovna,Shallo,14/10/1971,sshallo5p@spiegel.de,ztsz9IUqx7x,Geological Engineer,on duty,4773,163151,Human Resources,24/04/1991,Portugal,Coimbra,Meruge,89147172288,89035299305,89811435452,16
Dugald, Zhoresovna,Matthiesen,03/04/1984,dmatthiesen5q@biblegateway.com,RqIPnjz,VP Product Management,maternity leave,6595,513601,Support,11/06/1986,Netherlands,Provincie Noord-Holland,Alkmaar,89441837675,89746143430,89617278353,45
Perry, Zhoresovna,Spir,29/04/1974,pspir5r@biglobe.ne.jp,yKXDpu6e,Compensation Analyst,on duty,8010,365422,Accounting,27/04/1975,United Kingdom,England,Whitwell,89580185432,89337172024,89672658353,27
Aubrette, Zhoresovna,Bilovus,31/05/1961,abilovus5s@myspace.com,gQS94LkQ7,Systems Administrator I,maternity leave,3038,971090,Sales,02/05/1972,Germany,Bremen,Bremerhaven,89365441534,89215782816,89775883455,4
Lorens, Zhoresovna,Haskell,17/08/1968,lhaskell5t@cargocollective.com,67c04NbMd,Programmer IV,maternity leave,0387,479845,Business Development,26/10/1959,Canada,Québec,Matagami,89185827867,89843283422,89688398702,49
Aurthur, Yulyevna ,Pottell,26/11/1958,apottell5u@accuweather.com,VSNIQYR,Research Nurse,on duty,5167,072815,Accounting,16/12/1978,Canada,Québec,Amos,89860016435,89901324728,89809312542,26
Vic, Zhoresovich ,Kerbey,20/03/1950,vkerbey5v@arstechnica.com,76JFSvr1xYp,Nurse Practicioner,on duty,8994,852757,Marketing,11/01/1994,Portugal,Aveiro,Pardelhas,89422254478,89982169207,89208561357,27
Willabella, Zhoresovna,Jordan,21/03/1989,wjordan5w@tumblr.com,UeTLjj,Research Assistant I,vacation,4359,636895,Sales,29/01/1968,Canada,British Columbia,Ladner,89469366151,89775678121,89623829636,27
Bobbee, Zakharovich ,Fairlam,20/05/1999,bfairlam5x@bloglines.com,Z5AUkY,Cost Accountant,maternity leave,0244,954807,Services,25/02/1998,Germany,Nordrhein-Westfalen,Köln,89232940611,89759299749,89859655814,42
Brantley, Zakharovna ,Broinlich,08/03/1994,bbroinlich5y@ibm.com,gir4S3WQ3e8E,Financial Advisor,maternity leave,4482,490557,Research and Development,25/07/1993,Mexico,Chihuahua,Altavista,89866859515,89933618471,89299308630,26
Thibaut, Zinovyevich ,Lickess,22/01/1986,tlickess5z@statcounter.com,2I6lPk,Pharmacist,maternity leave,3017,090669,Accounting,18/01/1975,Mexico,Chiapas,Francisco I Madero,89496720452,89960865894,89533885325,21
Freemon, Zhoresovich ,Bleythin,17/07/1987,fbleythin60@wunderground.com,DR2wX8,Software Test Engineer II,on duty,8883,974364,Sales,10/04/1962,Sweden,Norrbotten,Övertorneå,89909891903,89763572756,89364234247,50
Caspar, Zhoresovna,Seeviour,06/09/1987,cseeviour61@globo.com,7MffVY,Research Associate,maternity leave,3753,739419,Product Management,17/06/1950,Sweden,Stockholm,Sundbyberg,89892942696,89779114923,89404731260,38
Hobard, Zhoresovna,Elton,26/07/1995,helton62@google.es,zgP4soD9WrLd,Help Desk Operator,on duty,4976,825335,Accounting,06/08/1961,Portugal,Ilha Terceira,Biscoitos,89243862724,89278420384,89258454619,35
Elyse, Zhoresovna,Gaitley,28/03/1960,egaitley63@123-reg.co.uk,FgiyQ7kAm,Automation Specialist II,on duty,0412,321424,Engineering,30/11/1987,Portugal,Ilha Terceira,Biscoitos,89917017620,89836800424,89134102978,3
Westbrook, Zhoresovich ,Jillett,24/03/1987,wjillett64@washington.edu,KyQyKy,Sales Associate,vacation,5901,668412,Product Management,14/07/1962,Sweden,Östergötland,Motala,89043944084,89692449645,89987121288,23
Alie, Zhoresovna,Kinker,25/04/1974,akinker65@techcrunch.com,77yn8hvXRIj,Recruiting Manager,on duty,7363,389547,Human Resources,21/03/1993,Portugal,Porto,Vila Nova de Gaia,89060244830,89821214859,89395660193,28
Robbyn, Zinovyevna ,Roman,25/10/1967,rroman66@hao123.com,TMxrDB7RYG,Payment Adjustment Coordinator,on duty,9261,482052,Legal,15/02/1989,Canada,British Columbia,Hope,89030944734,89830085539,89341743904,20
Kathrine, Zhoresovna,Cottingham,19/07/1970,kcottingham67@cdc.gov,8XwS7Y,Staff Scientist,maternity leave,4647,824222,Legal,24/09/1959,France,Franche-Comté,Besançon,89161767550,89661661095,89196672863,12
Mayer, Zhoresovich ,Brockway,13/03/1977,mbrockway68@bbb.org,RohvBnTSw,Office Assistant I,maternity leave,0057,097244,Accounting,15/10/1967,United Kingdom,England,Merton,89985842526,89923360697,89440202942,27
Midge, Zinovyevna ,Ferrao,01/07/1998,mferrao69@live.com,38NICNtSK5,Quality Control Specialist,maternity leave,4268,788200,Support,15/01/1970,Sweden,Gävleborg,Valbo,89793962307,89814812429,89180022143,42
Cecilio, Zhoresovna,Wyche,05/02/1976,cwyche6a@360.cn,ExQPkVqPw0,Dental Hygienist,vacation,1053,064437,Marketing,31/08/1994,Sweden,Stockholm,Sundbyberg,89745876162,89695031134,89157253654,48
Skippy, Zhoresovich ,Village,26/07/1993,svillage6b@wired.com,fNW72TM,Actuary,sick leave,3405,486932,Training,01/09/1968,Mexico,Chiapas,San Miguel,89529505766,89138933278,89749078071,17
Daryle, Zhoresovna,Varian,28/06/1986,dvarian6c@csmonitor.com,aBLLjrD2BXN,Mechanical Systems Engineer,on duty,7252,860439,Business Development,03/09/1969,Canada,Québec,Sainte-Anne-des-Monts,89394019232,89360020553,89830559831,8
Sylvia, Zinovyevna ,Dradey,30/10/1979,sdradey6d@jalbum.net,PEgL2IYr,General Manager,on duty,2690,984138,Research and Development,25/06/1991,Netherlands,Provincie Noord-Holland,Hilversum,89131434772,89349899946,89024726544,11
Baily, Zinovyevna ,Form,13/04/1991,bform6e@booking.com,yKPI47oeq,Health Coach III,maternity leave,7656,021414,Accounting,02/05/1994,Portugal,Setúbal,Vila Nova de Santo André,89327054392,89128247335,89805660812,30
Felice, Zhoresovich ,Totterdell,12/12/1961,ftotterdell6f@vinaora.com,Y1Vy83wtzdIS,Research Nurse,on duty,1922,667050,Engineering,28/09/1987,Portugal,Setúbal,Monte Novo,89170728358,89965797073,89740292083,10
Sunny, Zhoresovich ,Werrett,05/02/1967,swerrett6g@slashdot.org,TC37E83,Accountant II,maternity leave,9917,030372,Accounting,26/02/1994,France,Haute-Normandie,Évreux,89630152103,89341302505,89776358923,46
Stormie, Zinovyevich ,Stanbury,30/01/1984,sstanbury6h@upenn.edu,lEMgzLhop,Senior Sales Associate,maternity leave,1674,503556,Human Resources,10/12/1981,Sweden,Värmland,Karlstad,89608195903,89174720258,89577305384,5
Gerty, Zhoresovich ,Petett,19/11/1999,gpetett6i@mit.edu,rHvtSakSbRa,Compensation Analyst,on duty,8921,432588,Legal,07/09/1981,Portugal,Ilha de São Miguel,Maia,89354419439,89454295681,89576101937,19
Alix, Zhoresovna,Grealy,08/04/1984,agrealy6j@barnesandnoble.com,olJARGryHZx,Chief Design Engineer,maternity leave,3885,492298,Research and Development,24/09/1979,Mexico,Michoacan De Ocampo,Independencia,89592867615,89134416258,89343525702,6
Jephthah, Zhoresovna,Mathiassen,07/01/1975,jmathiassen6k@ca.gov,hBVQR7m,Account Executive,maternity leave,5900,530212,Human Resources,21/09/1984,France,Midi-Pyrénées,Colomiers,89206929881,89840609513,89417864031,1
Yard, Zhoresovna,Guiel,06/05/1967,yguiel6l@twitter.com,L7dluGeNE,Nurse,on duty,8325,363535,Sales,02/09/1996,Mexico,Mexico,El Capulin,89564653637,89081246373,89342138925,29
Dorthy, Zhoresovna,Lassetter,16/01/1994,dlassetter6m@yale.edu,FUyp2Mpu,Software Engineer I,maternity leave,2977,384378,Human Resources,27/12/1965,Sweden,Västra Götaland,Billdal,89750059636,89806512909,89943628197,15
Celestia, Zinovyevna ,Skeat,25/04/1967,cskeat6n@latimes.com,VPy97fc,Account Coordinator,maternity leave,2118,087055,Product Management,16/04/1974,Netherlands,Provincie Friesland,Leeuwarden,89710317932,89401851528,89923831367,4
Ronna, Zhoresovna,Tutin,17/08/1981,rtutin6o@so-net.ne.jp,Wq34Hlq8JoQ,Budget/Accounting Analyst I,on duty,8224,943658,Engineering,01/07/1952,Sweden,Skåne,Munka-Ljungby,89803506712,89677210646,89865263768,32
Frans, Zinovyevna ,Olenchenko,27/10/1959,folenchenko6p@wikispaces.com,hutnFr0aL,Physical Therapy Assistant,maternity leave,0442,799797,Product Management,22/03/1973,Portugal,Braga,Breia,89795938586,89433615211,89685685252,42
Nicky, Zinovyevna ,Ballentime,06/04/1987,nballentime6q@mashable.com,mj0oKNby,Quality Engineer,maternity leave,6435,919176,Engineering,15/03/1983,Malaysia,Labuan,Labuan,89414496428,89596383021,89985855477,18
Latia, Zhoresovich ,Circuitt,18/03/1951,lcircuitt6r@homestead.com,wQSTJMOBx,Senior Developer,vacation,4518,865884,Business Development,26/08/1952,France,Bourgogne,Longvic,89397681755,89413193224,89088089790,3
Ilka, Zhoresovna,Eldredge,23/01/1977,ieldredge6s@angelfire.com,CAstMi,Assistant Manager,on duty,4280,653235,Business Development,30/10/1996,France,Lorraine,Metz,89827917586,89741707815,89230405484,23
D'arcy, Zhoresovna,Kincla,26/08/1999,dkincla6t@shop-pro.jp,dLUGaQnKiwUB,Actuary,time off,9799,789621,Engineering,23/01/1986,Portugal,Bragança,Ifanes,89428336269,89946722715,89308809439,35
Armand, Zhoresovich ,Gotch,05/07/1981,agotch6u@marketwatch.com,odx75VR6,Recruiting Manager,on duty,7029,242882,Sales,26/04/1962,Sweden,Västmanland,Köping,89405289258,89066435755,89423426788,45
Giorgi, Zhoresovna,Greville,17/05/1967,ggreville6v@nifty.com,b1FEpR6,Analog Circuit Design manager,on duty,0590,535173,Training,14/06/1974,France,Lorraine,Mirecourt,89507340045,89208710317,89310186699,9
Schuyler, Zhoresovna,Luebbert,18/01/1974,sluebbert6w@pagesperso-orange.fr,njJA6kx8,Librarian,maternity leave,7953,635448,Sales,13/07/1976,Mexico,Guerrero,San Jose,89208973097,89946500144,89750726349,14
Roxie, Zhoresovna,Pocknoll,24/07/1970,rpocknoll6x@ask.com,gcz2qn8,Clinical Specialist,on duty,4090,736711,Training,03/08/1981,Sweden,Stockholm,Bandhagen,89521129388,89976135757,89519602095,41
Cart, Zhoresovna,Britney,19/04/1965,cbritney6y@answers.com,Vch2oGF,Help Desk Technician,on duty,1014,558945,Engineering,07/09/1993,France,Île-de-France,Cergy-Pontoise,89953137113,89287276025,89838278924,23
Zed, Zhoresovich ,Cruse,30/07/1950,zcruse6z@ning.com,f5f2v9,Staff Accountant IV,maternity leave,9163,625795,Research and Development,01/02/1962,Sweden,Skåne,Helsingborg,89304276126,89685490604,89738548413,30
Odelinda, Zinovyevna ,Marvelley,13/01/1996,omarvelley70@seesaa.net,q50lZV0w,Staff Scientist,vacation,1826,604895,Research and Development,14/09/1969,France,Rhône-Alpes,Saint-Étienne,89898071037,89646402989,89421926094,49
Alys, Zinovyevna ,MacGowing,31/08/1990,amacgowing71@jimdo.com,Qf3sz4rwW,Developer II,on duty,6506,890855,Support,01/06/1983,France,Lorraine,Mirecourt,89508618910,89299823994,89917760585,13
Frannie, Zhoresovna,Brittain,11/01/1978,fbrittain72@flickr.com,hYjwnQAre,Sales Representative,on duty,6632,675645,Research and Development,27/12/1999,France,Aquitaine,Bayonne,89802334901,89227579498,89776700909,11
Jaymie, Zhoresovna,Bruffell,27/03/1956,jbruffell73@archive.org,Blg7ro61sU,Geologist II,on duty,4234,433602,Human Resources,10/01/1998,Portugal,Lisboa,Cabeça Gorda,89440030761,89628597380,89748431338,48
Henri, Zhoresovich ,Skottle,01/10/1952,hskottle74@marketwatch.com,q17AnANVU,Senior Quality Engineer,maternity leave,1931,172231,Training,15/10/1958,France,Île-de-France,Versailles,89497534933,89059750644,89548837577,8
Eugenia, Zhoresovna,Poff,05/01/1984,epoff75@tinyurl.com,ThJpxB,Programmer II,maternity leave,0047,938294,Sales,16/10/1977,Norway,Ostfold,Askim,89419743426,89588470133,89090804329,40
Marc, Zhoresovich ,Izkovicz,10/12/1958,mizkovicz76@example.com,oOc4zylrFu,Chief Design Engineer,on duty,6257,994770,Legal,15/11/1970,France,Île-de-France,Paris 02,89901854788,89838137742,89334876214,44
Catharine, Zinovyevna ,Heinrici,04/02/1966,cheinrici77@sitemeter.com,MoviKm4sw2ta,Junior Executive,maternity leave,3609,784259,Training,18/01/1979,Portugal,Santarém,Barrosa,89794385256,89466614494,89384347837,27
Bianka, Zhoresovich ,Drinan,14/06/1987,bdrinan78@edublogs.org,9YzCVWIy,Director of Sales,on duty,1564,363443,Accounting,25/08/1990,Sweden,Örebro,Degerfors,89887213091,89772731282,89947466776,21
Celinda, Zhoresovich ,Aronow,07/07/1992,caronow79@ebay.co.uk,ZuoOUeKBBA,Data Coordiator,on duty,5518,846965,Marketing,23/07/1992,Portugal,Ilha Terceira,Altares,89287660397,89426796431,89902005200,23
Jacquenetta, Zhoresovna,O'Carran,29/05/1953,jocarran7a@google.co.uk,qwq9peL8aITr,Recruiter,maternity leave,6551,224593,Training,12/08/1950,Sweden,Västra Götaland,Alingsås,89367086368,89611749861,89891696616,33
Emera, Zinovyevna ,Demange,06/04/1969,edemange7b@cnet.com,bbsfL7,Product Engineer,on duty,9770,471917,Engineering,06/10/1970,Sweden,Uppsala,Skutskär,89783708851,89147914081,89527316880,46
Billie, Zhoresovna,Kindleside,23/06/1953,bkindleside7c@dot.gov,2ic14iNr,Administrative Officer,maternity leave,1635,428312,Engineering,05/07/1954,Sweden,Skåne,Osby,89257226812,89464853357,89112230472,27
Ethan, Zhoresovna,McGarvey,04/09/1979,emcgarvey7d@tamu.edu,Mrg3NK7rJS,Product Engineer,on duty,1212,905816,Human Resources,07/12/1955,France,Île-de-France,Fontenay-sous-Bois,89117900871,89747297441,89075393222,29
Borg, Zhoresovich ,Pere,04/03/1980,bpere7e@bluehost.com,YfMyLIAR2S0U,VP Quality Control,on duty,3900,122195,Engineering,07/01/1975,Denmark,Region Hovedstaden,Frederiksberg,89328854263,89645283298,89568494406,9
Lurleen, Zhoresovna,Farlamb,06/12/1976,lfarlamb7f@macromedia.com,UuM7o82ZeX,Web Developer IV,vacation,9958,695692,Business Development,17/12/1956,Sweden,Stockholm,Solna,89859698978,89797388093,89126615491,32
Fenelia, Zhoresovna,Messer,11/05/1977,fmesser7g@sitemeter.com,QI5S7l0RvhW,Geologist III,on duty,4943,878963,Human Resources,04/03/1967,Norway,Oslo,Oslo,89559376659,89536841522,89463312165,17
Marissa, Zhoresovna,Enns,16/09/1999,menns7h@rediff.com,6lBIPVVhGj,Budget/Accounting Analyst I,on duty,2761,493104,Business Development,20/05/1986,Sweden,Södermanland,Eskilstuna,89529684919,89747618353,89119474586,8
Laurette, Zhoresovna,Ferries,03/04/1974,lferries7i@yahoo.com,ijzHnwdmMIV,Nurse,vacation,1396,267052,Services,06/12/1999,Portugal,Porto,Ladário,89183330973,89793473439,89528897551,1
Junette, Zhoresovna,Sundin,25/06/1995,jsundin7j@i2i.jp,7f76nJ,Geological Engineer,on duty,7151,406930,Services,15/12/1979,Norway,Hordaland,Bergen,89324397817,89372105310,89923552900,4
Monah, Zhoresovich ,Hacksby,26/07/1974,mhacksby7k@mtv.com,QtusvyJ,Research Assistant II,business trip,5538,097780,Sales,11/01/1963,Sweden,Västra Götaland,Askim,89375188431,89035427583,89593517806,42
Wells, Zhoresovna,Huggin,21/02/1999,whuggin7l@timesonline.co.uk,wpS2n0pLCnW,Geologist III,on duty,2173,388645,Legal,13/06/1985,Malaysia,Selangor,Klang,89097227527,89804874318,89760796002,33
Christel, Zhoresovich ,Rann,27/10/1984,crann7m@angelfire.com,aHOd6OjBC,General Manager,on duty,9836,939522,Training,16/02/1999,Portugal,Coimbra,Lajeosa,89779509274,89446307612,89278131981,14
Anthiathia, Zhoresovna,Milligan,16/01/1952,amilligan7n@storify.com,Me8GvXx,Desktop Support Technician,on duty,0274,556824,Legal,18/02/1993,Sweden,Stockholm,Södertälje,89330453823,89176374301,89077485352,1
Maurits, Zhoresovna,Sircombe,15/06/1969,msircombe7o@elegantthemes.com,UwWUiKMt,Human Resources Manager,time off,6422,099254,Support,27/03/1954,Sweden,Stockholm,Farsta,89547174652,89355040648,89392332196,49
Petra, Zhoresovna,Bridgen,21/02/1991,pbridgen7p@cdc.gov,g8sSYCOrEw,VP Accounting,on duty,4943,674955,Human Resources,10/03/1992,Mexico,Durango,Providencia,89871453466,89051918939,89105353758,32
Jamesy, Zhoresovich ,Tribbeck,16/03/1961,jtribbeck7q@networksolutions.com,YehnEI2s,Director of Sales,vacation,2843,204805,Business Development,31/01/1978,Portugal,Ilha de São Jorge,Biscoitos,89589154550,89395945154,89857967439,29
Alex, Zhoresovna,Jacqueminot,28/10/1975,ajacqueminot7r@paypal.com,8iq2GhWX78j9,Nurse,on duty,9674,775670,Marketing,19/06/1965,Sweden,Norrbotten,Boden,89663122144,89772936130,89393220591,1
Kilian, Zhoresovich ,Elwel,10/01/1986,kelwel7s@soup.io,dOa99k44,Media Manager IV,on duty,0211,938964,Marketing,01/11/1982,Portugal,Viseu,Souto,89650518927,89756519918,89545144937,44
Reina, Zhoresovna,Tibbetts,05/04/1967,rtibbetts7t@google.it,dfy8shRzb,Software Test Engineer IV,on duty,7174,581009,Marketing,05/09/1995,Netherlands,Provincie Drenthe,Emmen,89525283074,89365386585,89143183065,31
Barthel, Zhoresovich ,Grocutt,21/01/1956,bgrocutt7u@ebay.co.uk,oXTAJuIk,Librarian,on duty,2985,035064,Support,20/09/1997,Mexico,Mexico,San Antonio,89879104763,89038092688,89786371535,27
Rhea, Zinovyevna ,Kimbling,26/07/1966,rkimbling7v@mapquest.com,HdAcLGPteEaI,Human Resources Assistant IV,maternity leave,8253,481393,Marketing,10/12/1993,Mexico,Tabasco,Emiliano Zapata,89099861871,89321155130,89235185357,17
Corenda, Zhoresovna,MacPeake,02/02/1989,cmacpeake7w@pbs.org,QZQzyq0BpK2a,Accountant III,vacation,3609,717587,Training,28/05/1973,Mexico,Tabasco,Vicente Guerrero,89120038348,89275311072,89103856555,31
Kettie, Zinovyevich ,Leigh,05/11/1976,kleigh7x@networksolutions.com,kuVdGRv9,Product Engineer,on duty,0250,308976,Sales,20/12/1972,Mexico,Guanajuato,Las Palmas,89894921864,89204548286,89787790301,11
Terese, Zhoresovich ,Else,30/03/1995,telse7y@hao123.com,B2zBzL0F5EO6,GIS Technical Architect,sick leave,4295,119306,Legal,15/12/1987,Malaysia,Sabah,Kota Kinabalu,89306148980,89476670712,89458038053,47
Carlin, Zhoresovich ,Sturdey,21/03/1959,csturdey7z@smugmug.com,S25FR1SXAOyU,Clinical Specialist,time off,1294,290753,Engineering,24/07/1977,Portugal,Vila Real,Portela,89722133328,89774051379,89432500797,26
Janeen, Zhoresovna,Draycott,20/11/1989,jdraycott80@cbc.ca,amR6Q06Hf9,Operator,time off,3180,736942,Accounting,29/09/1958,Canada,Ontario,Toronto,89972504268,89266812962,89504487061,44
Conrad, Zhoresovna,Levinge,24/09/1986,clevinge81@ezinearticles.com,xAnqM0UVe,Dental Hygienist,on duty,5327,612593,Marketing,14/09/1967,Mexico,Chihuahua,Progreso,89781795225,89605369380,89532958434,50
Carmine, Zhoresovna,Bicksteth,27/11/1952,cbicksteth82@msn.com,S3GuO6,Graphic Designer,vacation,6234,160732,Support,17/12/1992,Italy,Sicilia,Catania,89775315044,89866534906,89706409037,28
Ernestine, Zinovyevna ,Trustey,24/08/1995,etrustey83@amazon.de,VW7qsw,Tax Accountant,vacation,0371,433451,Sales,11/09/1958,Mexico,Oaxaca,La Paz,89096680929,89551146662,89184802013,7
Filmore, Zhoresovna,Yankeev,18/03/1998,fyankeev84@arstechnica.com,wYsWj90OAWLG,Staff Accountant II,on duty,1493,214210,Support,20/10/1982,Sweden,Jämtland,Brunflo,89066471211,89511818222,89679302660,1
Thomas, Zhoresovich ,Cornfoot,03/03/1985,tcornfoot85@newyorker.com,FNOakEO,Assistant Media Planner,on duty,2267,726810,Sales,06/11/1975,France,Île-de-France,La Garenne-Colombes,89942317029,89450423460,89849450162,18
Ad, Zinovyevna ,Brunelli,18/05/1999,abrunelli86@archive.org,TLacfohzg,Food Chemist,maternity leave,7133,437113,Research and Development,08/03/1972,France,Auvergne,Montluçon,89788251724,89550002204,89477490213,44
Jaye, Zhoresovich ,Peacey,22/10/1980,jpeacey87@toplist.cz,VmWKyLw,Clinical Specialist,on duty,7058,390974,Business Development,11/07/1979,Sweden,Stockholm,Stockholm,89590132199,89754194394,89200921284,13
Mischa, Zinovyevna ,Gerger,08/09/1980,mgerger88@bluehost.com,9MnpoKMcN,Professor,sick leave,9981,307597,Research and Development,12/08/1955,Portugal,Bragança,Mirandela,89211693282,89089059980,89594150761,32
Sidonia, Zhoresovich ,Doblin,07/12/1997,sdoblin89@economist.com,HOLYJQ,Human Resources Manager,on duty,4859,217960,Accounting,07/07/1950,France,Provence-Alpes-Côte d'Azur,Marseille,89601844984,89149192677,89304391738,23
Jourdain, Zhoresovna,Pellamonuten,16/10/1992,jpellamonuten8a@barnesandnoble.com,sLkjX14EtG,Assistant Media Planner,on duty,1425,971777,Support,21/07/1996,Sweden,Stockholm,Täby,89206194794,89569004087,89150024419,47
Shea, Zhoresovna,Dongate,21/10/1963,sdongate8b@wunderground.com,4Zl7nB8j1dBD,Software Test Engineer I,on duty,0141,700905,Business Development,31/08/1967,France,Alsace,Strasbourg,89534707565,89022990925,89657586954,19
